id,firstName,lastName,email,gender,contactNo,country,dob
1,John,Doe,john.doe@example.com,Male,1234567890,USA,1990-01-01
2,Jane,Smith,jane.smith@example.com,Female,1234567891,USA,1985-05-15
3,Bob,Johnson,bob.johnson@example.com,Male,1234567892,Canada,1980-03-20
4,Alice,Williams,alice.williams@example.com,Female,1234567893,Canada,1992-07-30
5,Charlie,Brown,charlie.brown@example.com,Male,1234567894,UK,1988-11-10
6,Emily,Davis,emily.davis@example.com,Female,1234567895,UK,1995-12-25
7,David,Miller,david.miller@example.com,Male,1234567896,Australia,1991-02-17
8,Susan,Wilson,susan.wilson@example.com,Female,1234567897,Australia,1987-09-04
9,Michael,Moore,michael.moore@example.com,Male,1234567898,India,1993-08-22
10,Linda,Taylor,linda.taylor@example.com,Female,1234567899,India,1982-06-13
11,James,Anderson,james.anderson@example.com,Male,1234567800,USA,1975-12-05
12,Patricia,Thomas,patricia.thomas@example.com,Female,1234567801,USA,1990-10-18
13,Robert,Jackson,robert.jackson@example.com,Male,1234567802,Canada,1983-04-12
14,Barbara,White,barbara.white@example.com,Female,1234567803,Canada,1986-01-09
15,William,Harris,william.harris@example.com,Male,1234567804,UK,1991-07-25
16,Jessica,Martin,jessica.martin@example.com,Female,1234567805,UK,1989-11-30
17,Richard,Garcia,richard.garcia@example.com,Male,1234567806,Australia,1992-05-17
18,Sarah,Martinez,sarah.martinez@example.com,Female,1234567807,Australia,1980-02-03
19,Thomas,Roberts,thomas.roberts@example.com,Male,1234567808,India,1994-04-22
20,Rebecca,Clark,rebecca.clark@example.com,Female,1234567809,India,1985-09-15
